{"cameraMode":{"drawMode":0,"name":"Shaded","section":"Shading Mode"},"sceneLighting":true,"audioPlay":false,"sceneViewState":{"m_AlwaysRefresh":false,"showFog":true,"showSkybox":true,"showFlares":true,"showImageEffects":true,"showParticleSystems":true,"showVisualEffectGraphs":true,"m_FxEnabled":true},"in2DMode":false,"pivot":{"x":-0.7346034049987793,"y":-5.502803802490234,"z":90.8283462524414},"rotation":{"x":-0.02730548568069935,"y":0.011093100532889367,"z":-0.0003085900389123708,"w":-0.9995815753936768},"size":12.41830825805664,"orthographic":false}